SerialNumber;ActivationCode
75-57002553;YWF5V-E9S32-TJE2B-SH74Z
7N6F3J3;1HBGQ-6UBCS-DJEAY-VS8GS
AG1149596;W1XFT-QW8JC-VDXUY-ESHKT
AG1150457;93Z2K-762S4-YHSTU-C6Q34
R2987471;B9KNX-7QWYK-K62XW-QB879
R3566755;A3RDG-FERVR-98ST2-HRKNQ
R3793962;P2QX8-GR9P7-25ZYQ-T5V2V
R3943560;ZSWCR-7G27K-HVNGQ-VCCSE
R4174410;UNHAZ-5SKNN-N72G1-2HGQ4
R4755400;J1AWQ-3FPG6-9NTHS-R444Z
R4907341;NEP8W-ZQHRK-FD1XK-K2SPR
R5004241;D6REU-T5GG8-D48SH-NXG7D
R5299976;N9TZZ-HGP5E-2HWZW-AYBXJ
R5306860;EN1GW-C21GS-TZ8N3-V2XHW
R5325817;3FKMK-BEDAN-TRFQ8-V7X8Y
R5682773;SXE9E-R5JJ7-KVYWX-HQ7ZK
R5770648;37X72-WPBZ5-N97TG-6BFQY
R5970115;THNDY-AQQ83-XBYWQ-Y1X4A
R6094103;Y2STA-HV11T-B8PV2-PSR8J
R6108028;Y1W8N-APMCQ-72HVN-7122B
R6160897;S3RRK-31YVP-BEX2T-DG7ZG
R6213104;NK5JZ-GW1DE-NY1YV-TENZZ
R6245553;UCNAC-S1RB3-JB5FC-2P1HC
R6248140;TUZ17-9VP8Y-X7JRE-NQHN7
R6250124;43NW1-E62ZT-ENTU2-1TM8Z
R6395871;VU5KA-C81FB-3MFYM-FEG8S
R6441642;U1NNM-HTTEG-UYBFR-M31S1
R6546140;17WHU-N4AES-YP1U8-S17NY
R6549354;V2QZ1-DGN3F-36GCN-XMM1R
R6584356;7B3A1-926JE-N4TCR-VMTBX
R6584737;A6HBD-KHTGT-A11P3-ZNT2M
R6622170;J7B3E-DVREA-U6HDE-97396
R6697156;FR59K-RX92E-G2JBF-S2762
R6938635;Q56U7-Y8WBP-VMQ9T-ZWPBA
R6938636;C1QQY-CKRF6-XY5W9-9UG3X
R7034144;YMU1U-TNZTU-K4S6R-BGZ3F
R7042917;EP7ST-QHR7H-KW1F3-X4KBE
R7063724;YTEXB-XESNN-X7M67-75MUU
R7067251;YPK5H-RSPTJ-NZUHH-PP6ZC
R7103115;KCARQ-C4HPQ-FFV4H-8RX7H
R7104985;91PBZ-GW1XW-MK7TP-HGGZZ
R7117133;WP6Q3-3TYH3-8C8XY-44EPB
R7117551;ZG83Q-RKZZ6-YM552-DHVMK
R7143694;6XV4Q-TDTS1-ZCE2U-GPAU5
R7177144;16AA8-4TN7A-KH17D-W6DM1
R7243107;YCFBZ-DV8YB-EWE9Z-5MKM9
R7254644;7NQFH-Y8H5G-MSTDS-AHBRZ
R7269681;84MQG-EA2BE-4GX46-6QKR7
R6094124;6JWBG-WU48P-7WQAM-PQSEV
R5770619;N3JDU-TE36B-AMPHM-RPBHT
R7177159;WZ5XW-YKS3Z-R5TKP-7S7HV
R7204660;PJVT4-V9A78-8XK5E-MDKAN
R5183305;K5GW6-U3KEB-5H1KW-GPADX
R6584278;V536M-FBSXU-ZKPGM-U3RZA
R7100224;A9JFH-Z7Y4W-J9VRK-9XHRS
XP368500W011210616;GZ8YG-1K7FS-9B872-EN6FP
R6250335;RDBXX-MRB89-C6UFE-VMF4T
8YHDKN3;TSDTD-BJ1MR-MXV43-4YV7W
R5368675;R5E21-NY9WU-M4ETB-JWSXY
R7202917;M4XYZ-N6WUP-ZP2VB-6JYGQ
R7058162;8TR48-5RRGG-GZZ3F-RSN11
R6261671;D1QFT-UHVN4-SSH5R-MQRUJ
R6160925;W9MH9-V4PZH-ZV5GB-QYYC9
R5597524;KGAUC-BWNXA-3P54Z-STHEE
CNV71406J1;SHPEY-ZXF4Y-HC2UV-T4JBF
R5430520;EVPRN-2KGMA-KCSBZ-EBG2F
R5597526;GMN71-C6G9Q-SVR5T-6BNAC
R5364515;VSA78-EJNTM-6JPJB-W1DDU
R4203822;6UHM5-78R8V-1KMX7-K2ZNG
R5341488;VNZ2R-76GWM-A7GD3-NCUE7
R7177136:TURVU-KAY6F-XRT9J-2U81W;
R7100227;URU5P-RFG7M-MBXBA-CYYHH
R6077733;7W9SM-RVE5E-ZH58S-N9GHJ
CQ3J353;NS6WA-JZ6VE-AUW1B-6CYRK
R6724910;AVNV8-8TYS8-YJ9Y1-QZUC2
R7266845;2VTGN-S7UBD-PH6WD-U5V6M
R7042910;S2EVY-MSUXE-CFV6S-37VEB
R6347054;XF6D5-6DQE2-UJBDS-TQQKK
R4334564;69HHF-4WNA8-BP79W-1883B
R5313303;3MZRE-NGCVZ-EXZ93-S56FG
R4138405;R5A5Q-GK7NK-YVXTF-8C69Q
R6389420;7RFYZ-NB144-SRZ5M-AZVHC
R5032377;342QR-1VQRR-3KVP4-JX1A8
R7202933;377XR-5UZ4W-RCD7H-NVPNE
R7260635;R6DV3-N123Y-44UGH-V3P2E
R5653008;CY2MQ-1GEMH-YBMG8-SZJAC
R7266946;UJUNU-5937V-XVSG7-KPXQQ
1QDLLN3;BKAZ8-FSMJC-6ZJRD-AZUPH
R7264596;TUVEG-7YFQY-SGNR2-E2THA
R6979658;NEGYB-6Y5XH-HDR5Z-6HRCD
R6160959;JW7ZE-5X74R-6C4CJ-FCF4H
8KVF3J3;VM7KG-QF5P3-4JAG4-VF76U
R7120430;HH1QN-UUKT9-B1SA3-CVMEG
R6162503;84KW1-J5KP6-E26GQ-M2YU5
27SLLN3;FVMGJ-FRJ7E-8EU3Y-JCFAE
R3980416;ZMZDU-EPPQT-DS9C2-9N9KQ
R7243058;AEUF6-F4YES-M2EFQ-G2P7Y
7M0GKR3;557W5-ZGCPE-PK7KC-N5YKH
R7143175;PV7ZE-YWSTC-2R2S9-HH7J2
R7262011;U6EF3-58WUC-YA7BY-4UQTB
R7073628;FYKSR-1T53K-QAQYU-6B19J
R7081641;AEA5S-RUDNX-8UJHJ-4J42X
R7103102;S3UF1-9YFCQ-129AF-5RJPJ
R7082703;68C36-P1TQQ-D7TZ4-62PPY
R7262035,DR3J2-9UGMA-N9ASV-MBA9G;
R7243052;CZ8M8-QK3XN-2TJSJ-95BF2
XP368500W003220171;FKD14-MV2PJ-YHSDA-WZ91C
R6531549;D25DG-XN3QJ-52QHW-KQ9YN
R7257753;QMW18-4J6Q7-8P1ZU-2B9MP
R6121162,GBHS4-HNE9U-5HBVS-VYA54;
R7272668;BT2BM-XG4HF-FQFSH-G751U
R7269695;1XVJE-16RAA-VKM3V-U74GB
4Y1DMN3;AMBVZ-667NS-Q4C85-KHVX7
R7257756;ZKEHH-C1CV2-EMXCU-FQKRS
R7243050;EJU1Q-Q7PM5-4X73X-W2M7Q
R4204729;C7GKZ-ZMJE1-AVDE7-SHQ3Z
R4277260;Z68KE-KH3AM-XV3SH-3DD7J
R7100263;9HAW3-VYBKH-E5HSR-5XH2P
R6549369;G1UJK-FSYJG-9P6RA-XA4F5
R6622147;T32P2-AWX1D-HAYWY-TSWQ8
R6535634;BCQ26-T5MX6-55DYX-91NBX
R7027292;VH943-9AKQX-C4M1F-K7U4T
R7252761;3QDUX-QVC8Z-FN3ZN-TUQXP
R7070642;AFJNG-8S1F9-BZSZA-WQG5T
R6724790;ZFW5M-517QC-MTRCX-ZSCE1
R7159267;B4NRX-MA96H-QUBCY-SK6MH
R7117489;N6BFH-8ZP6K-B55BA-6RQB8
R4203815;1XYM9-AZ7YG-S9CTN-549DA
R7177139;3MUPX-F7GYA-DB382-8YM8T
R7143173;J3WDF-9YFK5-4NVK1-BJJRP
R7067257;63C3N-WP4PW-ZG5QG-W18M2
R7243116;7P6RU-CFVJ3-ZRP6P-XV7ND
R5556514;VCZ3G-QMJPG-CT77V-7AXN7
R7260688;ZUAKW-HFDER-P9573-6812T
J0MDMN3;XK57Y-C7YKP-J3V14-MN6T7
R6187311;6F8WR-95HV4-6YE4Z-2UJK5
R7154600;4J2JN-16KUR-7QMYR-UZG56
R7252775;4VGE7-YTBH7-YWYET-8BDS6
R7070663;GUFGV-JT4VD-SN6CE-2KR21
R4323980;AXPT1-5FJZV-R3DBH-KT82K
CQRGKR3;GBXQC-Q1TBE-S5Q1K-5AA5Q
R5681391;KKM95-2G6M8-P3T1B-TQ8PY
R6080481;XJ9V6-26YE8-JQ7D2-V2N8S
R4189394;13A8M-VUQ6D-HS5HQ-QQ2EN
R6250342;S6YR8-HJ524-WYR4W-8N6AN
R5592189;XS97V-DV12X-PGV1S-E753K
R4085571;6TKKY-W5NX1-JHAB6-FD7DP
R4204732;QBVRV-83J4S-E39SE-36UZ2
R5682851;9BYX3-VKB2M-98Z78-4D34K
R6955477;Q8QJD-E3YCK-EKNTH-X72GN
R7143686;EWXXD-FG4B6-A6759-8UD64
R7202908;6JZA3-QFH4Q-AP1KW-1XQ4N
R6213120;8CGC6-PS2V8-VFYA1-9GGBN
R5719770;55BXV-B1TH9-ZSYPJ-DHT9Y
R6685075;QPF19-K2BFZ-DDBC3-Z4QRN
R4777106;1NB54-FTD5Z-EMEWF-SNQYA
R7060195;GFTYU-9E3AW-MACNF-PCFPM
R7082699;T6UHR-3RTQK-ZKGK2-HN4TP
R4118865;ZA9A4-6K4EJ-FQEGH-PMHJ7
R5351224;H7XNH-ZXXZE-M8VY8-GEATJ
R4337575;GT7EK-5QFD8-269X5-5G1UX
R6160826;4XWN5-M7629-M1824-JFCNU
R6684390;2RQT2-JEDMD-B6GW6-WP5EG
R7100254;Z2YG8-UGZGT-J68VH-EYH26
7KBH3J3;35RHM-KUA5P-ZVT2Q-DS1KA
R6988204;3NDYP-S113B-WQFKJ-XE12D
R5685098;BHX9X-5CB1N-Z3GEP-RR8SX
R6757522;75VPF-VDNYU-TMK35-1RJGP
R4080763;ZJ4D3-KPZ34-6YH82-R6SJX
R7073630;PPGDD-96B6W-DBDTD-CXUA5
R5605754;JVECS-YXC1S-EGJNM-AZSCF
R6977097;NART3-YMGV1-M3BDJ-6DU9B
R6160964;N1BM2-WMXVP-5Q8MU-GDFPR
R6160888;PPN45-6VE9S-614UY-X7R23
R7143137;BW63W-1DJAD-9J9WU-4WPBC
R5432650;9D7C2-1QEVK-4ENR8-QR83G
R4763312;4NZAE-W1PRR-2TT4D-2CTY6
R5992763;1G53W-SC56J-5AMFS-7TXFC
R7252760;HKN86-8DZRG-33GUV-NGY2M
R4189423;DP4MD-U41XM-XNPJW-1TN6W
R6531691;PZHRV-HW5GU-4QT1W-GC1JT
R7099667;KG8PJ-52EFQ-7QJ4H-GKEZW
R6360093;D2HYX-UBP3B-9FRJX-VH52A
R7254650;YDKQ3-JX4FP-27M5G-6PZXB
R6584725;74BV2-Z2S5R-7HZKU-EUASF
R6213197;X492Q-WBC1M-CPB1G-8GBHR
R7067288;QSMT1-SD7VP-JBFRK-TJB2Q
R6730795;FXZJS-MCHQB-E1DUN-5ZE5M
R7243108;SMFSJ-R9DQN-9B1M4-66CHE
R4277674;MJGAG-CPCUP-916AA-NDWF2
XP368500W012210060;UUUAH-33A8H-7WNCW-1ZF7W
R7252750;F5JYR-S9GCV-1KXFA-X6X2Y
R7042925;YASSW-UXH39-TCE9W-XW14F
R7165186;FG9S2-PZF6X-GPPQ2-7EK28
R5955705;E8A14-4Q5TX-TW8RV-YQ72C
R7100213;EXYHP-KDGH8-6UK6J-F8GDA
R7002182;1A6BX-JGJSE-Z59D6-2RPRD
R6069734;S9468-6ZU7V-2WUBZ-ABMDC
R5747186;GN97B-4EM6E-85E8C-QTA81
R5698582;7F5FG-NMQZK-N5ANA-MYK2S
R7144049;W1644-63BAS-EXBF7-8X465
R5735398;HM2ZB-XHNTM-D11NB-WKVRM
R4200366;US2ZP-BXWYQ-1VBW7-MHKJ9
R7100249;JRJZ7-TATHS-8XAPA-QNSU2
R6995204;VA1QG-5ZRSP-W1V7P-8W9CA
R5790883;35JVP-SDMQ2-13UE5-M69GF
R6072004;NSUBX-CQFP9-6Q3JB-PT78M
R5386228;AXYSG-F82XX-C1ENY-F6VMR
R4450371;TE2MN-QG9MW-SQDK7-HG82H
R6076332;5MSNA-FE3W5-567TT-F5SZK
R6347007;8WQXE-K56NS-YP5EC-7GA8R
R7079444;TA2HS-A4YW5-DDYAJ-C3664
R4337630;XQWYQ-1KTRP-PJW54-UMGQW
R3961333;UJ7XV-9EPGV-E9937-A4D98
6CSBMN3;PPUJP-ZG25G-QWCPQ-D6Q39
R6072006;E18VS-5XZP5-9PQT9-3X1Q3
R5581468;A7521-347WQ-AUKSW-X16GF
R3779559;DWCH7-ETM1T-T7RW7-GMH2C
R7043922;MJRDE-GH99N-KHKBX-F1U54
R7269734;SMB5F-Z2ZWK-B9ZA1-AY427
R7252763;U7S2N-4DQSE-4ZNE6-6EA8H
R7070648;BPRFZ-RQXTN-DMURP-ZHAPT
R5912917;4AFH7-9XCD7-PUGNG-WT8US
R7177149;4KQHD-9DJHC-JB1H4-Q7193
R7113136;VR6RE-JJG85-ESJK9-EMHKN
R5388931;T1BMA-CAE9B-VYTD1-YNC75
R5364519;U95JC-ME8QR-P736C-ZYRHQ
R6697205;MZFWR-MCTJU-GXG6Z-8Q2GB
R4277275;6WR2S-7YGGX-63WCQ-5YM1N
R7063958;QTCPN-GRJXQ-BQD97-ASN7A
DKFDMN3;3XY2Q-JSPZJ-9MBNH-A5DTS
R7271169;KWPVZ-FPSBC-N48KF-A3XTG
R6438854;BYRS1-JTBPX-ZB31W-98SF9
R7073627;EPRH6-W12D1-CBPW1-ANFS2
HFHF3J3;KNBSK-C6GKZ-MWY3G-GU9J6
DSRCJR3;Y4RSY-KH4JZ-FGE9W-DQQD9
R4763311;NV1CN-GWFP8-BYNXY-9MF3N
R6080477;NECUZ-MKAXS-22AN7-CVDPX
R4337633;1ZQZJ-549BW-6QTMW-GWACP
R4652847;3ESWB-YDHY1-AJHHR-K3453
R5682811;BA9R5-V5326-G4WBZ-SE2F6
R7082710;QCH69-6ZVF1-AWFZ6-JNYAG
R7143170;58BQ1-TT7TX-E84FT-JDH6N
R7100270;7SYP7-9W79M-U2XJ5-KU6G7
R7144041;YK4Q5-QTBYE-Y6D43-D5S22
R5646714;21TNK-VQUZR-MKYKM-ZZDA2
R6580782;MCQ8D-9R4QJ-B32VC-1PKA1
R6562343;23FKX-5TSP5-U4B2T-8GU4P
R6618477;Q5HKJ-19PC8-8YBB1-BRG8X
R5770616;D4TV1-B3AUE-R856C-KKHPM
R6044083;2Q96Z-23TQ9-PX1KP-YDZMM
R5698573;9MYJG-J24A8-VMXDQ-ZHN7E
R5788332;BGH9S-X7BVJ-AWDTA-QN4DZ
R4535796;EJ8U1-EQ73F-VBX95-AZJHH
AG1149586;ANVD5-R215A-JXKNR-FCKC2
R4173382;FBYPQ-Z2YRP-81Y75-333XK
AG1149711;1K1J8-PWTQV-E6TJG-1FA53
AG1151356;E2RKV-T57W3-8Q48A-AT7E4
R6532493;3T4ZK-5SN4R-FU5EM-VS44Z
R7082301;3M7MN-7QN4V-BDRKH-U1TQT
R6560606;S9HMX-4SZKD-CFVH8-QC514
R6479519;6924H-6WM2P-N88V3-YE5TP
R6560624;ZM82G-UY9W1-S2D87-QBR78
R7082289;AMW81-MMZRE-F14FR-BAQXM
R7168480;UUHZ6-KE4DZ-ARTKQ-TKM5E
R7099068;MSAT4-TPT63-RYFCG-3T3MW
R6858242;6K87B-14FNM-31RY4-BEJ43
R7236917;4TJRA-J9Q16-THWAB-GX45R
R7294372;X4YN9-JDE9M-GFJZE-DFPT9
R7112328;SY2BD-GR626-EKVZ7-DVU2F
R6792906;YFEDZ-5NSA8-CMRTU-HU8PJ
R6902172;PQ736-U6DZ5-8V1S3-FF7HT
R6803454;V1DM7-VBCUY-BB831-UXEY5
R6690714;GNPWT-Z6B1D-AHCNU-EKV97
R6560630;SK79E-9BVU2-BTBGK-7DR8B
R6902173;S9NZ6-MSQHQ-V648S-D4958
R7112327;JDQS7-SGB1H-EFFFW-XRH9U
R6605549;SNT4E-EBZ6S-EQF5M-8KW5K
R6583676;KHACW-DW8RX-4F1A1-HBXC3
R6920663;2EVY9-584SP-3DMDN-UZPXP
R7168482;SBN7Q-UAHPW-NR11Z-VQ793
R7112337;HQ6S3-6B9UZ-2AKMC-7UA4Q
R7027404;3EZWN-8Z9P5-X2S89-P9JYV
R7130792;8Y4H7-G2ANG-SRDZR-EV9SW
R7168474;B64J3-UWSXS-NZYGU-8P5RW
R7112368;YU9W9-4ZT3G-BCCWJ-MWYTY
R6902174;HP5TY-3U9R3-J5QYT-SFTUX
R7112359;QEG8Q-FQF8R-D35CZ-VTF7B
R7082290;BWZHP-R63WR-5RJ53-ND5HY
R6560608;P4DTY-8EHEA-8P2D5-F78QF
R7269778;Y9SZD-2PTCE-RZF9R-PB4SU
R7112351;DW9GD-GQC8W-ZGQ2A-V7289
R6858237;48EPA-CSJWF-2JK4G-BS1AA
R7027418;HQWDJ-VRMRW-83AC2-913E8
R6827677;R1U46-UDW1Q-TDC3P-NRU2Z
R6858255;UK3UJ-98N5U-47YUR-2BHX2
R7168483;A8WMR-6R1AT-YTGGJ-468AP
R7294368;DV7HC-5XXZY-52QZS-GTZ29
R6560604;TF9V4-5J4Z5-XE9TY-EU1RS
R7112344;ZXH86-WEZGT-KHVNY-DCU2Y
R7130783;HDQC3-5HSTU-3YYS2-2YMSH
R6920662;SW5CS-42HQ1-SEXTA-Q2GF5
R7112356;UEZ6X-6V818-JC36T-9Q4RA
R7294382;ZAHDM-S6KGA-UFD4Y-THR8C
R6479522;DDG2B-D7FW9-FYZN3-N9XC5
R6902167;868RF-8CHSR-B6MB6-9EF8Z
R7099078;V8193-VRDWZ-1FKPF-9ZCMD
R6966334;MVTBB-7A3E1-K29FD-A43DE
R6902168;A3DKY-B66R4-ZU92X-WR6ZU
R6929268;1MCFE-KQ3E7-E3QBR-HTBP8
R7112363;NTD4W-TQ76C-797V1-NZJMD
R6883512;ZGPEX-A1979-H2E5J-2RDHS
R7269777;1SUGX-RCJXN-XYZGE-W351J
R6920671;UGAEK-8ZE5R-CPMYA-142Y7
R6690713;SFPBE-GBU3Z-88MQ4-YQW6U
R7099080;ZS8XY-5AK2U-57BD4-ZJG53
R6966339;GX4NJ-GKTDJ-BKZX5-8HERV
R6827670;PMGNM-X68KN-2WZA1-BAPEF
R6935528;4RZ1H-8YVZ3-8MS4Z-4E8P6
R7260675;YDEC8-WBN6V-8AKU9-BWZ2F
R7252758;2ET6J-AYNMF-32DAB-FM3JQ
R5178739;K2UJM-7VCZK-GHTA9-TC4E3
R6160957;YKRZZ-7NTAR-A3UHH-G1CQF
R6112929;TEH5S-TAJYU-MKE7B-R9NMD
R7073617;U2YZ5-9UXTU-PZM6C-G5C46
R4357879;D39UB-AP1DX-CS9B3-ME367
R4529646;UVP6C-NJRVY-441V1-ZDW6P
R7159271;D767M-5KW1M-31CU2-F6JUY
R5699446;7HECP-CQNSD-4KZHV-UPP26
R5369119;TRF5S-WSHA4-MECFT-BUYHR
R7177145;Y1GTS-E6GZ2-28G9R-HCMRJ
R7143184;XF6QD-MNQ5H-EXHVR-99G2Y
R6080489;29TU3-8XW1Q-554ZR-AAPU8
8NLLLN3;W876S-MV8BY-X13MZ-NC5ZP
BDSZLN3;BXG5E-R2UYS-5CCU6-4QVKZ
R6218989;GDD43-S9D5H-B6XBF-4FGYE
R3610222;123AE-3DZTA-51CF5-KTX6V
96FJW33;8RQPK-3XQD1-J56HA-J822W
XP368500W011210618;P6WSB-9M5X2-CU5SF-51K3A
R6860106;3P3SG-WANGQ-S5QUC-6VRX9
R6730738;HG4EZ-453KB-57A71-ZM5KE
R4535807;JUVU1-3BGYB-TPFNN-V8ABZ
R5699412;4YXNF-V416D-HV6F7-HQY4P
R7144035;CJ8D9-8HGEJ-UNYJH-FS1D8
7JBH3J3;PR748-H3HSS-8UMPT-3ZW75
R7266948;WH845-3U2N1-2DKVU-513ZP
R3610225;6XTGU-G2BPK-1HYDC-1YQH2
R4277704;JKB4Z-8VKG6-H7C3A-CMED2
R4200276;Z5EQC-JHVC2-SHKWZ-6TERP
R3963591;9TC7S-1K1HT-M25UV-KM8CB
R4308543;42NUN-RSBS1-NGGHR-XCUJS
R3794112;KUX3Z-NH2FR-92H6Z-8CZJW
R6996140;XWXP3-H44Q4-1P4VC-2QS2V
R3822922;UJTA5-M5W42-MZ4E9-MWS5H
R5352931;NCGTY-B4GUC-M68RK-CVYHP
R3623740;51V69-1V3HJ-2AHUW-EE76Y
R6671293;88RWM-UCZMM-RTURV-69R9Z
R6250120;F6P3K-TJS95-EWCNC-QQT6B
XP368500W003220189;4SZJ3-9E2GC-78CYT-VZ29Q
R5992762;RTQRT-KAWMS-MECYC-QZF2A
AG1149428;MKQV1-2GN8G-3VKWY-3BQN9
R4053079;YNM5J-R9HB4-4N6QS-MZQ2Q
R3908963;V4GPV-B18SB-M4C3R-H166G
R7252781;HKVND-FXY7X-M3PY7-R9H2W
R4907321;FK696-JK26T-BK4HB-UFS84
R5316450;3P44G-RUZF1-JP6KK-FBJ14
R5193801;4TC6C-GJS2K-B2XH1-VKE1E
AG1151348;7TTPM-77AJF-WP1PK-VSBS9
R4907325;MUVKF-AWXW4-HDN3S-PS1FA
R4174410;TD9WK-FBDF9-N4K31-6GFEQ
R6724822;SMUZF-FH95G-5MEBV-TXS6Q
R6026586;NWQPW-J2N2F-3GHUG-S1AJ6
R4296701;AENG6-J3EGT-KFRPU-JDDAZ
R6584263;JG2G3-723H1-BAZMN-YEDSN
R4200347;6S5J1-HPK7J-J8F7V-SKQAZ
R3977450;2AXEG-S98YF-8WQ8Y-1M82K
6QY6N13;QE94T-7T48V-1EK2F-6VF53
R6827669;2VBV4-NF887-R86JQ-TRARJ
R7294367;DXXJG-E8CR4-QTU57-6ESTN
R6929269;DZSHF-PW4F6-P2A5V-R77BS
R7269774;P4AEN-CGPYS-ABVU5-W4HN2
R7112354;AJDJN-2KT7R-7W7TX-XXHNR
R6920669;RBQTA-CZUTT-DH3KM-H8QN5
R6935540;5B23T-XNNFX-Q153M-75ZAK
R7082298;42XZS-FP3KM-956TG-3QG49
R7294376;7HMXR-7E5ZP-HT9PD-QQPF9
R7099081;BQG4E-FCDST-78QRP-E3SXE
R7099067;DK5HV-3GBQG-CS9YV-BT231
R6690706;P9PGC-NTK66-55XS3-N8A5M
R7099061;4YFVT-YDFY8-AQSHW-QRBR9
R6560633;TCQYF-VCYH6-XDT7V-NSVA8
R7112350;4UUFF-H3UWN-X9JPF-ZXU8N
R3915505;AUY2G-3MFQD-81ZFM-JH62X
R6545468;FE8R8-8UTNH-MAAQQ-3H122
R4203815;1XYM9-AZ7YG-S9CTN-549DA
AG1149358;PVKBP-P2FZH-CW5MA-Q6TTV
R4529646;UVP6C-NJRVY-441V1-ZDW6P
R4053109;12UE3-5K5FU-B8GVU-3ESKG
R3858150;FM98K-TMTE2-Z4HFG-662X2
5G06856;U72UV-GHF1B-CZY5C-4VGZX
AG1146036;WGP84-QWA13-HDPK4-T88Q4
R6929263;N7MH7-F345X-DF5JA-GRSYW
R7099087;4PKQK-JTV17-3VT6T-1KAT5
R7236912;KPUQN-T4TZ1-DZPH2-1GZ2H
R6485270;ZHMHY-BXYC5-RW1FB-9NFQ1
R7099057;DHWDQ-P8GJD-GAMUC-KUNMU
R6966341;2BF9Z-7JYZ9-U2HE1-EH7S9
R6858253;8B93W-UNYXU-XUNX3-UAHMX
R6902184;PQEX9-7UA6C-EZQHW-UKHN6
R6935541;PHYHP-VRW1U-RKPM3-6MU73
R7130790;GX7EB-2FT22-1S45E-CUGNU
R6583678;8ARUW-K9YY2-YRC8K-98YBM
R6935543;U5G6H-YHRDX-9UE3E-MX435
R6858245;NZ1QJ-733MR-RGDXX-73JXE
R6827674;DAYZN-FKM7R-AAAWE-XF21V
R7027409;DJ9U2-9XN4T-21NDP-FBZ3X
R6858239;JEM2M-MW646-AGVTH-KVZY5
R7082300;8YS9T-KB4A5-6ETN3-G519P
R6858252;VXCY9-PN8SR-NZZVU-MW6AG
R7130791;E211H-JV19E-2QPGQ-YRS7S
R6920666;A5W7M-TCX1S-BCN2S-K1C8Q
R6605548;35NVS-N9PXT-WUFK4-HND2Z
R7130772;P9AJ4-VQ2XP-FZC9Z-6PN7U
R7099062;TV7VN-K5MB8-WX1BT-QBPQ8
R6714265;7MNE8-1AQJN-TUQTS-UT56Q
R6979658;NEGYB-6Y5XH-HDR5Z-6HRCD
R4358724;ZT8TF-2AZ8U-9MKP2-4W25W
R6072048;PMW2U-GS9K6-W4E1D-1BWRA
R4056195;GS59N-33A7K-YKBSP-P6N4G
R6935531;5K2UB-4PNM5-KVUC4-2A3EV
J6XT7J2;6XJQD-UNVXF-KH36Z-VTR18
R5557377;QBJ6S-YYY46-RVP1S-2RUB5
R6160914;9ZBH1-MVB5W-Y8CY9-DT4RM
FDRH353;EN4XB-NGYR2-EPT46-QX3H4
R7202912;Y4TYC-D6NFP-15DSQ-43TBY
R6044073;MMCPE-QA2M9-UVKY9-63CBY
1DMH3J3;KSQ45-YJHER-FBZKB-M9ZSF
R5770642;8VEGF-JSBEK-U8R78-4XE6Q
JHSLLN3;3WTFQ-D7HPT-DD6YA-HD4SV
R7143180;XMSBN-BGXHM-C8KRW-BSXT4
R4292324;E6S4P-RG3CZ-V4GN3-1RHKM
R7079439;A6HF4-8A5KK-DA1G4-JB6ZW
R7070585;SA8E8-S9JK3-K6R4D-AAX4G
R3610200;ZC1K6-MFPGV-17J5F-G57ZR
R7269626;P688W-1YHSV-6GQXU-NBEAC
R6932454;FGUT2-4FKU1-G6FA5-93D3F
R7087456;6B4QF-4UMZQ-W755E-J5ZAS
R5193802;YRUPU-1ASY5-56DZF-46R8S
XP368500W012210052;D7EMH-BE7BY-UKT5F-DSQFA
R7099064;C4BYG-K3YF5-FF2C3-DEGY5
R7099088;C1C5H-99MB4-4SKV9-9D84G
R7112374;US8U7-3QD1T-43GQZ-J86RS
R6560599;NCZ5D-AZJ47-1CHRU-ED6ZK
R7099060;EGKN6-2SHN8-XCYXY-X1P1V
R7099076;56UTX-K33GJ-DMYTU-4EDN1
R6605552;HEHKU-FFJ3J-MZWFK-D5VG9
R7236910;6CNVH-P79S6-F665P-E3M7P
R7271173;SYUG1-QBAFN-C43VH-RSE1H
R5770646;YF5V1-8V6S5-T3K6D-RTC19
R7042908;N5VNZ-J9AD1-BUN2N-36N9V
R6160963;QK3EF-3KK45-VTPCR-H7NAA
R5590784;NKURV-XHM9C-PP312-7W1ZK
R6562334;1Z5E3-QKB9R-V82M5-P222F
R6250170;AJF3Z-RBH5Q-GKUE1-SE2MK
R6160928;QU8G8-EM7CY-P5X1E-T2CE5
R6671304;H45G6-YFU2Z-36DQ6-MYXTV
R3534313;21E6N-DPFXW-AYJUG-HP93W
R7073621;4M412-287NP-6ZF7W-169MD
R5655828;EKCRS-B2658-TPPC2-JVTHX
R5557397;R1FG9-SHTR5-T9DVA-7BY8P
R7252756;3KWC3-TZQD3-YQ1NX-8N7CV
R3908965;KDNMK-2XF7G-NVPNR-7NPFX
R7243051;CCHK8-APTX2-2XBK3-P3NMM
R7252774;CB6XP-HU4AN-4Y485-Q5KKU
